return_id,order_id,return_date,refund_amount,refund_status,refund_date
RET-0001,ORD-0007,2026-06-05,479.0,received,2026-06-12
RET-0002,ORD-0017,2026-06-18,437.0,received,2026-06-23
RET-0003,ORD-0018,2026-06-17,906.0,received,2026-06-24
RET-0004,ORD-0030,2026-06-27,334.0,received,2026-07-04
RET-0005,ORD-0047,2026-07-06,534.0,received,2026-07-14
RET-0006,ORD-0048,2026-07-05,947.0,received,2026-07-09
RET-0007,ORD-0065,2026-07-25,312.0,received,2026-08-02
RET-0008,ORD-0068,2026-07-29,831.0,received,2026-08-05
RET-0009,ORD-0071,2026-08-01,835.0,received,2026-08-07
RET-0010,ORD-0072,2026-08-02,1046.0,received,2026-08-08
RET-0011,ORD-0101,2026-08-30,452.0,received,2026-09-03
RET-0012,ORD-0103,2026-09-02,702.0,received,2026-09-10
RET-0013,ORD-0107,2026-09-02,320.0,received,2026-09-07
RET-0014,ORD-0117,2026-09-12,,pending,
RET-0015,ORD-0126,2026-09-14,,pending,
RET-9999,ORD-9999,2026-09-11,499.0,received,2026-09-13
