order_id,date,time,merchant,category,item_amount,delivery_fee,platform_fee,handling_fee,surge_fee,total
ORD-0001,2026-06-01,20:00,zomato,Food Delivery,139.0,25.0,6.0,5.0,0.0,175.0
ORD-0002,2026-06-01,20:54,Myntra Designs,Shopping,1411.0,79.0,7.0,0.0,0.0,1497.0
ORD-0003,2026-06-02,09:39,zomato,Food Delivery,357.0,30.0,10.0,3.0,0.0,400.0
ORD-0004,2026-06-02,23:32,SWIGGY,Food Delivery,191.0,25.0,5.0,7.0,20.0,248.0
ORD-0005,2026-06-02,21:08,ZOMATO LTD,Food Delivery,140.0,35.0,10.0,7.0,20.0,212.0
ORD-0006,2026-06-02,21:27,ZOMATO LTD,Food Delivery,220.0,0.0,5.0,7.0,0.0,232.0
ORD-0007,2026-06-02,01:03,Nykaa E-Retail,Trends,529.0,0.0,0.0,10.0,0.0,539.0
ORD-0008,2026-06-03,22:15,zomato,Food Delivery,100.0,0.0,10.0,5.0,30.0,145.0
ORD-0009,2026-06-03,22:52,zomato,Food Delivery,153.0,25.0,6.0,5.0,20.0,209.0
ORD-0010,2026-06-04,17:45,ZOMATO LTD,Food Delivery,305.0,0.0,6.0,7.0,0.0,318.0
ORD-0011,2026-06-04,21:25,Swiggy*Order,Food Delivery,251.0,0.0,5.0,5.0,0.0,261.0
ORD-0012,2026-06-05,08:20,SWIGGY,Food Delivery,255.0,25.0,10.0,3.0,0.0,293.0
AP-0001,2026-06-05,03:59,Netflix,Subscriptions,199.0,0.0,0.0,0.0,0.0,199.0
ORD-0013,2026-06-06,12:56,Blinkit,Groceries,526.0,0.0,0.0,5.0,0.0,531.0
ORD-0014,2026-06-08,17:08,zomato,Food Delivery,193.0,0.0,6.0,7.0,0.0,206.0
ORD-0015,2026-06-08,20:56,Myntra Designs,Shopping,650.0,0.0,0.0,0.0,0.0,650.0
ORD-0016,2026-06-09,08:03,Swiggy*Order,Food Delivery,312.0,25.0,10.0,5.0,0.0,352.0
ORD-0017,2026-06-10,23:59,AMAZON PAY IN,Shopping,437.0,49.0,15.0,10.0,0.0,511.0
ORD-0018,2026-06-10,23:28,Ajio Retail,Shopping,906.0,0.0,7.0,0.0,0.0,913.0
ORD-0019,2026-06-11,09:58,SWIGGY,Food Delivery,296.0,45.0,5.0,5.0,0.0,351.0
AP-0002,2026-06-12,03:25,Spotify,Subscriptions,119.0,0.0,0.0,0.0,0.0,119.0
ORD-0020,2026-06-13,20:37,BigBasket,Groceries,375.0,0.0,0.0,5.0,0.0,380.0
ORD-0021,2026-06-13,17:00,Myntra Designs,Shopping,445.0,79.0,15.0,20.0,0.0,559.0
ORD-0022,2026-06-14,17:28,SWIGGY,Food Delivery,243.0,45.0,6.0,7.0,0.0,301.0
ORD-0023,2026-06-14,12:55,Zepto,Groceries,333.0,25.0,0.0,5.0,0.0,363.0
ORD-0024,2026-06-15,12:15,Nykaa E-Retail,Trends,791.0,0.0,0.0,0.0,0.0,791.0
ORD-0025,2026-06-15,12:13,Snitch Apparel,Trends,685.0,79.0,15.0,0.0,0.0,779.0
ORD-0026,2026-06-18,21:13,Swiggy*Order,Food Delivery,116.0,30.0,8.0,7.0,0.0,161.0
ORD-0027,2026-06-20,01:32,Swiggy*Order,Food Delivery,272.0,0.0,6.0,5.0,15.0,298.0
ORD-0028,2026-06-20,08:08,zomato,Food Delivery,172.0,35.0,10.0,7.0,0.0,224.0
AP-0003,2026-06-20,03:46,Cult.fit Gym,Subscriptions,499.0,0.0,0.0,0.0,0.0,499.0
ORD-0029,2026-06-23,22:15,BigBasket,Groceries,197.0,25.0,0.0,5.0,0.0,227.0
ORD-0030,2026-06-24,17:26,AMAZON PAY IN,Shopping,334.0,0.0,7.0,0.0,0.0,341.0
ORD-0031,2026-06-25,13:42,zomato,Food Delivery,211.0,45.0,5.0,3.0,0.0,264.0
ORD-0032,2026-06-25,12:24,SWIGGY,Food Delivery,177.0,0.0,8.0,3.0,0.0,188.0
ORD-0033,2026-06-25,00:21,Myntra Designs,Shopping,391.0,79.0,0.0,0.0,0.0,470.0
ORD-0034,2026-06-25,23:55,AMAZON PAY IN,Shopping,760.0,79.0,15.0,10.0,0.0,864.0
ORD-0035,2026-06-27,17:02,SWIGGY,Food Delivery,291.0,25.0,10.0,3.0,15.0,344.0
ORD-0036,2026-06-27,00:52,Blinkit,Groceries,439.0,0.0,0.0,5.0,0.0,444.0
AP-0004,2026-06-27,03:07,YouTube Premium,Subscriptions,129.0,0.0,0.0,0.0,0.0,129.0
ORD-0037,2026-06-28,00:53,zomato,Food Delivery,177.0,45.0,10.0,3.0,15.0,250.0
ORD-0038,2026-06-29,13:04,SWIGGY,Food Delivery,213.0,25.0,5.0,7.0,0.0,250.0
ORD-0039,2026-06-30,13:42,SWIGGY,Food Delivery,211.0,25.0,10.0,5.0,0.0,251.0
ORD-0040,2026-06-30,09:55,zomato,Food Delivery,129.0,0.0,5.0,5.0,0.0,139.0
ORD-0041,2026-07-01,20:11,zomato,Food Delivery,183.0,0.0,10.0,7.0,0.0,200.0
ORD-0042,2026-07-01,13:39,zomato,Food Delivery,180.0,35.0,8.0,7.0,0.0,230.0
ORD-0043,2026-07-01,19:52,zomato,Food Delivery,120.0,45.0,6.0,5.0,30.0,206.0
ORD-0044,2026-07-01,22:05,Snitch Apparel,Trends,459.0,0.0,7.0,10.0,0.0,476.0
ORD-0045,2026-07-02,13:39,Swiggy*Order,Food Delivery,224.0,45.0,5.0,7.0,0.0,281.0
ORD-0046,2026-07-02,08:16,BigBasket,Groceries,247.0,0.0,0.0,5.0,0.0,252.0
ORD-0047,2026-07-02,22:19,Meesho,Trends,584.0,79.0,0.0,10.0,0.0,673.0
ORD-0048,2026-07-02,00:53,boAt Lifestyle,Trends,947.0,49.0,7.0,10.0,0.0,1013.0
ORD-0049,2026-07-03,12:53,zomato,Food Delivery,197.0,35.0,6.0,7.0,0.0,245.0
ORD-0050,2026-07-03,22:38,zomato,Food Delivery,105.0,45.0,8.0,7.0,30.0,195.0
ORD-0051,2026-07-04,19:41,ZOMATO LTD,Food Delivery,222.0,35.0,10.0,3.0,15.0,285.0
ORD-0052,2026-07-04,22:32,Swiggy*Order,Food Delivery,174.0,0.0,6.0,5.0,20.0,205.0
ORD-0053,2026-07-05,17:40,Swiggy*Order,Food Delivery,258.0,25.0,6.0,3.0,0.0,292.0
ORD-0054,2026-07-05,12:01,zomato,Food Delivery,150.0,30.0,5.0,3.0,0.0,188.0
AP-0005,2026-07-05,03:14,Netflix,Subscriptions,199.0,0.0,0.0,0.0,0.0,199.0
ORD-0055,2026-07-06,00:46,Swiggy*Order,Food Delivery,567.0,45.0,8.0,3.0,15.0,638.0
ORD-0056,2026-07-09,09:12,Blinkit,Groceries,346.0,0.0,0.0,5.0,0.0,351.0
ORD-0057,2026-07-10,19:18,ZOMATO LTD,Food Delivery,138.0,35.0,10.0,7.0,0.0,190.0
ORD-0058,2026-07-10,20:34,Ajio Retail,Shopping,296.0,79.0,15.0,0.0,0.0,390.0
ORD-0059,2026-07-10,13:02,Myntra Designs,Shopping,286.0,0.0,0.0,20.0,0.0,306.0
AP-0006,2026-07-12,03:10,Spotify,Subscriptions,119.0,0.0,0.0,0.0,0.0,119.0
ORD-0060,2026-07-13,17:09,BigBasket,Groceries,335.0,0.0,0.0,5.0,0.0,340.0
ORD-0061,2026-07-17,09:01,zomato,Food Delivery,245.0,45.0,10.0,3.0,0.0,303.0
ORD-0062,2026-07-19,12:27,SWIGGY,Food Delivery,166.0,0.0,10.0,3.0,0.0,179.0
ORD-0063,2026-07-19,08:15,zomato,Food Delivery,143.0,25.0,6.0,5.0,15.0,194.0
ORD-0064,2026-07-20,09:17,ZOMATO LTD,Food Delivery,173.0,45.0,5.0,5.0,15.0,243.0
ORD-0065,2026-07-20,13:48,Snitch Apparel,Trends,312.0,49.0,7.0,0.0,0.0,368.0
AP-0007,2026-07-20,03:27,Cult.fit Gym,Subscriptions,499.0,0.0,0.0,0.0,0.0,499.0
ORD-0066,2026-07-21,21:31,FLIPKART INTERNET,Shopping,316.0,0.0,0.0,0.0,0.0,316.0
ORD-0067,2026-07-22,14:23,Swiggy*Order,Food Delivery,318.0,35.0,5.0,5.0,0.0,363.0
ORD-0068,2026-07-23,14:53,boAt Lifestyle,Trends,831.0,0.0,0.0,0.0,0.0,831.0
ORD-0069,2026-07-24,23:24,zomato,Food Delivery,158.0,35.0,6.0,5.0,15.0,219.0
ORD-0070,2026-07-25,01:28,zomato,Food Delivery,241.0,35.0,10.0,5.0,30.0,321.0
ORD-0071,2026-07-25,22:52,FLIPKART INTERNET,Shopping,835.0,0.0,0.0,10.0,0.0,845.0
ORD-0072,2026-07-25,23:36,FLIPKART INTERNET,Shopping,1046.0,0.0,7.0,0.0,0.0,1053.0
ORD-0073,2026-07-26,20:41,ZOMATO LTD,Food Delivery,145.0,45.0,10.0,7.0,0.0,207.0
ORD-0074,2026-07-27,21:48,SWIGGY,Food Delivery,208.0,30.0,8.0,3.0,0.0,249.0
AP-0008,2026-07-27,03:22,YouTube Premium,Subscriptions,129.0,0.0,0.0,0.0,0.0,129.0
ORD-0075,2026-07-28,01:06,zomato,Food Delivery,273.0,25.0,5.0,5.0,20.0,328.0
ORD-0076,2026-07-29,14:13,zomato,Food Delivery,263.0,30.0,10.0,3.0,0.0,306.0
ORD-0077,2026-08-01,01:51,ZOMATO LTD,Food Delivery,195.0,30.0,10.0,7.0,30.0,272.0
ORD-0078,2026-08-01,20:19,ZOMATO LTD,Food Delivery,146.0,25.0,6.0,3.0,0.0,180.0
ORD-0079,2026-08-02,22:46,ZOMATO LTD,Food Delivery,205.0,25.0,6.0,5.0,30.0,271.0
ORD-0080,2026-08-03,21:54,Swiggy*Order,Food Delivery,204.0,45.0,10.0,7.0,0.0,266.0
ORD-0081,2026-08-03,08:01,Blinkit,Groceries,424.0,25.0,0.0,5.0,0.0,454.0
ORD-0082,2026-08-04,08:27,zomato,Food Delivery,143.0,35.0,5.0,5.0,20.0,208.0
ORD-0083,2026-08-05,23:28,Swiggy*Order,Food Delivery,314.0,0.0,8.0,5.0,15.0,342.0
ORD-0084,2026-08-05,00:38,Swiggy*Order,Food Delivery,135.0,25.0,6.0,5.0,30.0,201.0
AP-0009,2026-08-05,03:36,Netflix,Subscriptions,199.0,0.0,0.0,0.0,0.0,199.0
ORD-0085,2026-08-06,12:50,Snitch Apparel,Trends,719.0,0.0,15.0,10.0,0.0,744.0
ORD-0086,2026-08-07,01:50,zomato,Food Delivery,321.0,30.0,8.0,3.0,15.0,377.0
ORD-0087,2026-08-07,08:05,Swiggy*Order,Food Delivery,204.0,45.0,5.0,7.0,0.0,261.0
ORD-0088,2026-08-10,12:33,zomato,Food Delivery,396.0,30.0,10.0,7.0,0.0,443.0
ORD-0089,2026-08-10,21:31,AMAZON PAY IN,Shopping,199.0,49.0,0.0,0.0,0.0,248.0
ORD-0090,2026-08-10,01:39,FLIPKART INTERNET,Shopping,1215.0,0.0,15.0,0.0,0.0,1230.0
ORD-0091,2026-08-10,14:40,FLIPKART INTERNET,Shopping,199.0,0.0,0.0,0.0,0.0,199.0
ORD-0092,2026-08-10,23:48,FLIPKART INTERNET,Shopping,572.0,79.0,0.0,0.0,0.0,651.0
ORD-0093,2026-08-11,13:15,Swiggy*Order,Food Delivery,146.0,35.0,5.0,7.0,0.0,193.0
ORD-0094,2026-08-11,17:31,BigBasket,Groceries,562.0,0.0,0.0,5.0,0.0,567.0
ORD-0095,2026-08-12,08:16,AMAZON PAY IN,Shopping,342.0,79.0,0.0,0.0,0.0,421.0
AP-0010,2026-08-12,03:51,Spotify,Subscriptions,119.0,0.0,0.0,0.0,0.0,119.0
ORD-0096,2026-08-14,13:45,Zepto,Groceries,220.0,0.0,0.0,5.0,0.0,225.0
ORD-0097,2026-08-17,17:43,SWIGGY,Food Delivery,195.0,25.0,6.0,7.0,15.0,248.0
ORD-0098,2026-08-18,09:03,ZOMATO LTD,Food Delivery,312.0,45.0,10.0,7.0,0.0,374.0
ORD-0099,2026-08-18,13:22,Swiggy*Order,Food Delivery,187.0,45.0,5.0,5.0,20.0,262.0
AP-0011,2026-08-20,03:56,Cult.fit Gym,Subscriptions,499.0,0.0,0.0,0.0,0.0,499.0
ORD-0100,2026-08-23,22:23,SWIGGY,Food Delivery,167.0,25.0,6.0,7.0,15.0,220.0
ORD-0101,2026-08-25,23:06,AMAZON PAY IN,Shopping,452.0,0.0,7.0,0.0,0.0,459.0
ORD-0102,2026-08-25,14:51,Myntra Designs,Shopping,508.0,79.0,15.0,0.0,0.0,602.0
ORD-0103,2026-08-25,21:24,AMAZON PAY IN,Shopping,702.0,0.0,7.0,10.0,0.0,719.0
ORD-0104,2026-08-25,12:29,AMAZON PAY IN,Shopping,452.0,0.0,15.0,10.0,0.0,477.0
ORD-0105,2026-08-26,01:20,zomato,Food Delivery,215.0,45.0,6.0,5.0,20.0,291.0
ORD-0106,2026-08-26,14:02,FLIPKART INTERNET,Shopping,691.0,0.0,0.0,0.0,0.0,691.0
ORD-0107,2026-08-26,22:28,Ajio Retail,Shopping,320.0,0.0,15.0,0.0,0.0,335.0
AP-0012,2026-08-27,03:21,YouTube Premium,Subscriptions,129.0,0.0,0.0,0.0,0.0,129.0
ORD-0108,2026-08-28,14:54,BigBasket,Groceries,557.0,0.0,0.0,5.0,0.0,562.0
ORD-0109,2026-08-29,14:26,SWIGGY,Food Delivery,168.0,0.0,8.0,5.0,0.0,181.0
ORD-0110,2026-08-30,17:29,zomato,Food Delivery,265.0,30.0,6.0,3.0,15.0,319.0
ORD-0111,2026-08-30,22:36,SWIGGY,Food Delivery,113.0,45.0,10.0,3.0,20.0,191.0
ORD-0112,2026-09-01,23:22,Swiggy*Order,Food Delivery,322.0,45.0,6.0,5.0,20.0,398.0
ORD-0113,2026-09-01,01:57,ZOMATO LTD,Food Delivery,137.0,0.0,6.0,3.0,30.0,176.0
ORD-0114,2026-09-01,13:32,Swiggy*Order,Food Delivery,312.0,0.0,5.0,3.0,20.0,340.0
ORD-0115,2026-09-03,20:50,ZOMATO LTD,Food Delivery,194.0,35.0,10.0,5.0,0.0,244.0
ORD-0116,2026-09-04,23:07,zomato,Food Delivery,174.0,35.0,5.0,3.0,20.0,237.0
ORD-0117,2026-09-05,22:04,Meesho,Trends,433.0,0.0,7.0,0.0,0.0,440.0
AP-0013,2026-09-05,03:16,Netflix,Subscriptions,199.0,0.0,0.0,0.0,0.0,199.0
ORD-0118,2026-09-07,01:18,ZOMATO LTD,Food Delivery,332.0,45.0,8.0,5.0,30.0,420.0
ORD-0119,2026-09-08,22:30,Myntra Designs,Shopping,1288.0,0.0,15.0,0.0,0.0,1303.0
ORD-0120,2026-09-09,23:07,Swiggy*Order,Food Delivery,276.0,0.0,5.0,3.0,30.0,314.0
ORD-0121,2026-09-09,08:28,ZOMATO LTD,Food Delivery,195.0,30.0,6.0,5.0,0.0,236.0
ORD-0122,2026-09-09,09:52,SWIGGY,Food Delivery,185.0,30.0,8.0,3.0,0.0,226.0
ORD-0123,2026-09-10,20:56,ZOMATO LTD,Food Delivery,141.0,30.0,6.0,3.0,0.0,180.0
ORD-0124,2026-09-10,17:23,zomato,Food Delivery,249.0,30.0,8.0,3.0,0.0,290.0
ORD-0125,2026-09-10,23:38,Myntra Designs,Shopping,245.0,0.0,0.0,0.0,0.0,245.0
ORD-0126,2026-09-10,23:23,FLIPKART INTERNET,Shopping,667.0,0.0,15.0,10.0,0.0,692.0
ORD-0127,2026-09-10,00:53,Ajio Retail,Shopping,318.0,0.0,0.0,10.0,0.0,328.0
ORD-0128,2026-09-10,01:32,AMAZON PAY IN,Shopping,1117.0,0.0,0.0,10.0,0.0,1127.0
ORD-0129,2026-09-10,12:11,FLIPKART INTERNET,Shopping,1972.0,0.0,0.0,0.0,0.0,1972.0
ORD-0130,2026-09-11,09:12,ZOMATO LTD,Food Delivery,190.0,25.0,5.0,7.0,0.0,227.0
ORD-0131,2026-09-11,13:25,Meesho,Trends,874.0,79.0,0.0,10.0,0.0,963.0
ORD-0132,2026-09-12,09:17,ZOMATO LTD,Food Delivery,219.0,25.0,6.0,5.0,0.0,255.0
AP-0014,2026-09-12,03:49,Spotify,Subscriptions,119.0,0.0,0.0,0.0,0.0,119.0
ORD-0133,2026-09-13,09:37,Zepto,Groceries,192.0,0.0,0.0,5.0,0.0,197.0
ORD-0134,2026-09-14,12:36,ZOMATO LTD,Food Delivery,177.0,45.0,10.0,3.0,0.0,235.0
ORD-0011,2026-06-04,21:25,Swiggy*Order,Food Delivery,251.0,0.0,5.0,5.0,0.0,261.0
ORD-LOCAL-1,2026-09-12,18:30,Local Chai Stall Kiosk 7,,120.0,0.0,0.0,0.0,0.0,120.0
